,old_id,binNumber,WCNedgeNumber,WCNedgeWord,WCN Confidence Score,level,position,word,lemma,pre_verb,morph,wordlenth,endposition,OriginalCSV
0,0,1,0,te,1,1,0,te,tad,,n. du. acc.,2,2,shr_new_nbest/new_2/770.csv
1,1,1,0,te,1,1,0,te,tad,,n. du. nom.,2,2,shr_new_nbest/new_2/770.csv
2,2,1,0,te,1,1,0,te,tad,,m. pl. nom.,2,2,shr_new_nbest/new_2/770.csv
3,3,1,0,te,1,1,0,te,tad,,f. du. acc.,2,2,shr_new_nbest/new_2/770.csv
4,4,1,0,te,1,1,0,te,tad,,f. du. nom.,2,2,shr_new_nbest/new_2/770.csv
5,5,1,0,te,1,1,0,te,yuṣmad,,m. sg. g.,2,2,shr_new_nbest/new_2/770.csv
6,6,1,0,te,1,1,0,te,yuṣmad,,m. sg. dat.,2,2,shr_new_nbest/new_2/770.csv
7,7,3,0,sarve,1,1,0,sarve,sarva,,m. pl. nom.,5,5,shr_new_nbest/new_2/770.csv
8,8,3,0,sarve,1,1,0,sarve,sarva,,m. sg. loc.,5,5,shr_new_nbest/new_2/770.csv
9,9,3,0,sarve,1,1,0,sarve,sarva,,n. du. acc.,5,5,shr_new_nbest/new_2/770.csv
10,10,3,0,sarve,1,1,0,sarve,sarva,,n. du. nom.,5,5,shr_new_nbest/new_2/770.csv
11,11,3,0,sarve,1,1,0,sarve,sarva,,n. sg. loc.,5,5,shr_new_nbest/new_2/770.csv
12,36,3,0,sarve,1,2,0,sarve,sarva,,f. du. acc.,5,5,shr_new_nbest/new_2/770.csv
13,37,3,0,sarve,1,2,0,sarve,sarva,,f. du. nom.,5,5,shr_new_nbest/new_2/770.csv
14,57,3,0,sarve,1,3,0,sarve,sarva,,n. du. voc.,5,5,shr_new_nbest/new_2/770.csv
15,58,3,0,sarve,1,3,0,sarve,sarva,,f. du. voc.,5,5,shr_new_nbest/new_2/770.csv
16,59,3,0,sarve,1,3,0,sarve,sarva,,f. sg. voc.,5,5,shr_new_nbest/new_2/770.csv
17,12,5,0,rAtrO,1,1,0,rātrau,rātri,,f. sg. loc.,6,5,shr_new_nbest/new_2/770.csv
18,13,7,0,SoRAnadItIram,0.9999999999999689045600000010,1,0,śoṇa,śoṇa,,iic.,4,4,shr_new_nbest/new_2/770.csv
19,14,7,0,SoRAnadItIram,0.9999999999999689045600000010,1,4,nadi,nadī,,iic.,4,8,shr_new_nbest/new_2/770.csv
20,15,7,0,SoRAnadItIram,0.9999999999999689045600000010,1,8,tīram,tīra,,n. sg. acc.,5,13,shr_new_nbest/new_2/770.csv
21,16,7,0,SoRAnadItIram,0.9999999999999689045600000010,1,8,tīram,tīra,,n. sg. nom.,5,13,shr_new_nbest/new_2/770.csv
22,38,7,0,SoRAnadItIram,0.9999999999999689045600000010,2,0,śoṇā,śoṇa,,f. sg. nom.,4,4,shr_new_nbest/new_2/770.csv
23,39,7,0,SoRAnadItIram,0.9999999999999689045600000010,2,4,nadī,nadī,,iic.,4,8,shr_new_nbest/new_2/770.csv
24,40,7,0,SoRAnadItIram,0.9999999999999689045600000010,2,8,tīram,tīra,,m. sg. acc.,5,13,shr_new_nbest/new_2/770.csv
25,60,7,0,SoRAnadItIram,0.9999999999999689045600000010,3,3,anat,anat,,iic.,4,7,shr_new_nbest/new_2/770.csv
26,61,7,0,SoRAnadItIram,0.9999999999999689045600000010,3,7,iti,iti,,iic.,3,10,shr_new_nbest/new_2/770.csv
27,78,7,0,SoRAnadItIram,0.9999999999999689045600000010,4,3,anat,anat,,n. sg. acc.,4,7,shr_new_nbest/new_2/770.csv
28,79,7,0,SoRAnadItIram,0.9999999999999689045600000010,4,3,anat,anat,,n. sg. nom.,4,7,shr_new_nbest/new_2/770.csv
29,80,7,0,SoRAnadItIram,0.9999999999999689045600000010,4,7,īti,īti,,iic.,3,10,shr_new_nbest/new_2/770.csv
30,86,7,0,SoRAnadItIram,0.9999999999999689045600000010,5,3,ānat,an,,impft. [2] ac. sg. 3,4,7,shr_new_nbest/new_2/770.csv
31,87,7,0,SoRAnadItIram,0.9999999999999689045600000010,5,7,ītī,īti,,f. du. acc.,3,10,shr_new_nbest/new_2/770.csv
32,88,7,0,SoRAnadItIram,0.9999999999999689045600000010,5,7,ītī,īti,,f. du. nom.,3,10,shr_new_nbest/new_2/770.csv
33,93,7,0,SoRAnadItIram,0.9999999999999689045600000010,6,3,a,a,,iic.,1,4,shr_new_nbest/new_2/770.csv
34,94,7,0,SoRAnadItIram,0.9999999999999689045600000010,6,4,nadī,nadī,,f. sg. nom.,4,8,shr_new_nbest/new_2/770.csv
35,95,7,0,SoRAnadItIram,0.9999999999999689045600000010,6,9,īram,īra,,m. sg. acc.,4,13,shr_new_nbest/new_2/770.csv
36,99,7,0,SoRAnadItIram,0.9999999999999689045600000010,7,7,īti,īti,,n. sg. acc.,3,10,shr_new_nbest/new_2/770.csv
37,100,7,0,SoRAnadItIram,0.9999999999999689045600000010,7,7,īti,īti,,n. sg. nom.,3,10,shr_new_nbest/new_2/770.csv
38,103,7,0,SoRAnadItIram,0.9999999999999689045600000010,8,7,ītī,īti,,m. du. acc.,3,10,shr_new_nbest/new_2/770.csv
39,104,7,0,SoRAnadItIram,0.9999999999999689045600000010,8,7,ītī,īti,,m. du. nom.,3,10,shr_new_nbest/new_2/770.csv
40,111,7,0,SoRAnadItIram,0.9999999999999689045600000010,9,7,iti,iti,,part.,3,10,shr_new_nbest/new_2/770.csv
41,115,7,0,SoRAnadItIram,0.9999999999999689045600000010,10,7,iti,iti,,iic.,3,10,shr_new_nbest/new_2/770.csv
42,118,7,0,SoRAnadItIram,0.9999999999999689045600000010,11,9,iram,irā,,m. sg. acc.,4,13,shr_new_nbest/new_2/770.csv
43,119,7,0,SoRAnadItIram,0.9999999999999689045600000010,11,9,iram,irā,,n. sg. acc.,4,13,shr_new_nbest/new_2/770.csv
44,120,7,0,SoRAnadItIram,0.9999999999999689045600000010,11,9,iram,irā,,n. sg. nom.,4,13,shr_new_nbest/new_2/770.csv
45,122,7,0,SoRAnadItIram,0.9999999999999689045600000010,12,9,īram,īra,,n. sg. acc.,4,13,shr_new_nbest/new_2/770.csv
46,123,7,0,SoRAnadItIram,0.9999999999999689045600000010,12,9,īram,īra,,n. sg. nom.,4,13,shr_new_nbest/new_2/770.csv
47,124,7,0,SoRAnadItIram,0.9999999999999689045600000010,13,9,iram,irā,,ind.,4,13,shr_new_nbest/new_2/770.csv
48,125,7,0,SoRAnadItIram,0.9999999999999689045600000010,14,9,īram,īra,,ind.,4,13,shr_new_nbest/new_2/770.csv
49,13,7,1,SoRA,3.109543999999903307361120643E-14,1,0,śoṇā,śoṇa,,f. sg. nom.,4,4,shr_new_nbest/new_2/777.csv
50,14,11,1,nadItIram,0.9978858350951374208875916846,1,0,nadi,nadī,,iic.,4,4,shr_new_nbest/new_2/777.csv
51,15,11,1,nadItIram,0.9978858350951374208875916846,1,4,tīram,tīra,,n. sg. acc.,5,9,shr_new_nbest/new_2/777.csv
52,16,11,1,nadItIram,0.9978858350951374208875916846,1,4,tīram,tīra,,n. sg. nom.,5,9,shr_new_nbest/new_2/777.csv
53,37,11,1,nadItIram,0.9978858350951374208875916846,2,0,nadī,nadī,,iic.,4,4,shr_new_nbest/new_2/777.csv
54,38,11,1,nadItIram,0.9978858350951374208875916846,2,4,tīram,tīra,,m. sg. acc.,5,9,shr_new_nbest/new_2/777.csv
55,58,11,1,nadItIram,0.9978858350951374208875916846,3,0,nadī,nadī,,f. sg. nom.,4,4,shr_new_nbest/new_2/777.csv
56,59,11,1,nadItIram,0.9978858350951374208875916846,3,5,īram,īra,,m. sg. acc.,4,9,shr_new_nbest/new_2/777.csv
57,77,11,1,nadItIram,0.9978858350951374208875916846,4,3,iti,iti,,iic.,3,6,shr_new_nbest/new_2/777.csv
58,83,11,1,nadItIram,0.9978858350951374208875916846,5,3,īti,īti,,iic.,3,6,shr_new_nbest/new_2/777.csv
59,88,11,1,nadItIram,0.9978858350951374208875916846,6,3,ītī,īti,,f. du. acc.,3,6,shr_new_nbest/new_2/777.csv
60,89,11,1,nadItIram,0.9978858350951374208875916846,6,3,ītī,īti,,f. du. nom.,3,6,shr_new_nbest/new_2/777.csv
61,92,11,1,nadItIram,0.9978858350951374208875916846,7,3,īti,īti,,n. sg. acc.,3,6,shr_new_nbest/new_2/777.csv
62,93,11,1,nadItIram,0.9978858350951374208875916846,7,3,īti,īti,,n. sg. nom.,3,6,shr_new_nbest/new_2/777.csv
63,97,11,1,nadItIram,0.9978858350951374208875916846,8,3,ītī,īti,,m. du. acc.,3,6,shr_new_nbest/new_2/777.csv
64,98,11,1,nadItIram,0.9978858350951374208875916846,8,3,ītī,īti,,m. du. nom.,3,6,shr_new_nbest/new_2/777.csv
65,102,11,1,nadItIram,0.9978858350951374208875916846,9,3,iti,iti,,ind.,3,6,shr_new_nbest/new_2/777.csv
66,104,11,1,nadItIram,0.9978858350951374208875916846,10,3,iti,iti,,iic.,3,6,shr_new_nbest/new_2/777.csv
67,107,11,1,nadItIram,0.9978858350951374208875916846,11,5,iram,irā,,m. sg. acc.,4,9,shr_new_nbest/new_2/777.csv
68,108,11,1,nadItIram,0.9978858350951374208875916846,11,5,iram,irā,,n. sg. acc.,4,9,shr_new_nbest/new_2/777.csv
69,109,11,1,nadItIram,0.9978858350951374208875916846,11,5,iram,irā,,n. sg. nom.,4,9,shr_new_nbest/new_2/777.csv
70,110,11,1,nadItIram,0.9978858350951374208875916846,12,5,īram,īra,,n. sg. acc.,4,9,shr_new_nbest/new_2/777.csv
71,111,11,1,nadItIram,0.9978858350951374208875916846,12,5,īram,īra,,n. sg. nom.,4,9,shr_new_nbest/new_2/777.csv
72,112,11,1,nadItIram,0.9978858350951374208875916846,13,5,iram,irā,,ind.,4,9,shr_new_nbest/new_2/777.csv
73,113,11,1,nadItIram,0.9978858350951374208875916846,14,5,īram,īra,,ind.,4,9,shr_new_nbest/new_2/777.csv
74,17,15,0,prApya,1,1,0,prāpya,pra-āp,,abs.,6,6,shr_new_nbest/new_2/770.csv
75,18,15,0,prApya,1,1,0,prāpya,pra-i,,ca. abs.,6,6,shr_new_nbest/new_2/770.csv
76,41,15,0,prApya,1,2,0,prāpya,pra-āpya,,n. sg. voc.,6,6,shr_new_nbest/new_2/770.csv
77,42,15,0,prApya,1,2,0,prāpya,pra-āpya,,m. sg. voc.,6,6,shr_new_nbest/new_2/770.csv
78,43,15,0,prApya,1,2,0,prāpya,pra-āpya,,n. sg. voc.,6,6,shr_new_nbest/new_2/770.csv
79,44,15,0,prApya,1,2,0,prāpya,pra-āpya,,m. sg. voc.,6,6,shr_new_nbest/new_2/770.csv
80,45,15,0,prApya,1,2,0,prāpya,pra-āpya,,n. sg. voc.,6,6,shr_new_nbest/new_2/770.csv
81,46,15,0,prApya,1,2,0,prāpya,pra-āpya,,m. sg. voc.,6,6,shr_new_nbest/new_2/770.csv
82,19,17,0,tatra,1,1,0,tatra,tatra,,adv.,5,5,shr_new_nbest/new_2/770.csv
83,20,19,1,viSramya,0.9978858350951374208875916846,1,0,viśramya,vi-śram,,abs.,8,8,shr_new_nbest/new_2/770.csv
84,47,19,1,viSramya,0.9978858350951374208875916846,2,0,viśramya,vi-śramya,,n. sg. voc.,8,8,shr_new_nbest/new_2/770.csv
85,48,19,1,viSramya,0.9978858350951374208875916846,2,0,viśramya,vi-śramya,,m. sg. voc.,8,8,shr_new_nbest/new_2/770.csv
86,62,19,1,viSramya,0.9978858350951374208875916846,3,0,viś,viś,,iic.,3,3,shr_new_nbest/new_2/770.csv
87,63,19,1,viSramya,0.9978858350951374208875916846,3,3,ramya,ramya,,n. sg. voc.,5,8,shr_new_nbest/new_2/770.csv
88,64,19,1,viSramya,0.9978858350951374208875916846,3,3,ramya,ramya,,m. sg. voc.,5,8,shr_new_nbest/new_2/770.csv
89,65,19,1,viSramya,0.9978858350951374208875916846,3,3,ramya,ramya,,n. sg. voc.,5,8,shr_new_nbest/new_2/770.csv
90,66,19,1,viSramya,0.9978858350951374208875916846,3,3,ramya,ramya,,m. sg. voc.,5,8,shr_new_nbest/new_2/770.csv
91,21,21,1,punaH,0.9978858350951374208875916846,1,0,punaḥ,punar,,adv.,5,5,shr_new_nbest/new_2/770.csv
92,22,21,1,punaH,0.9978858350951374208875916846,1,0,punaḥ,punar,,conj.,5,5,shr_new_nbest/new_2/770.csv
93,23,23,0,praKAte,0.9998132791448403630791269672,1,0,prakhāte,prakhāte,,?,8,7,shr_new_nbest/new_2/772.csv
94,23,25,1,praBAte,5.073808530367230427664006446E-31,1,0,prabhāte,pra-bhāta,,f. du. acc.,8,7,shr_new_nbest/new_2/770.csv
95,24,25,1,praBAte,5.073808530367230427664006446E-31,1,0,prabhāte,pra-bhāta,,f. du. nom.,8,7,shr_new_nbest/new_2/770.csv
96,25,25,1,praBAte,5.073808530367230427664006446E-31,1,0,prabhāte,pra-bhāta,,n. du. acc.,8,7,shr_new_nbest/new_2/770.csv
97,26,25,1,praBAte,5.073808530367230427664006446E-31,1,0,prabhāte,pra-bhāta,,n. du. nom.,8,7,shr_new_nbest/new_2/770.csv
98,27,25,1,praBAte,5.073808530367230427664006446E-31,1,0,prabhāte,pra-bhāta,,n. sg. loc.,8,7,shr_new_nbest/new_2/770.csv
99,28,25,1,praBAte,5.073808530367230427664006446E-31,1,0,prabhāte,pra-bhāta,,m. sg. loc.,8,7,shr_new_nbest/new_2/770.csv
100,49,25,1,praBAte,5.073808530367230427664006446E-31,2,0,prabhāte,pra-bhāta,,f. du. voc.,8,7,shr_new_nbest/new_2/770.csv
101,50,25,1,praBAte,5.073808530367230427664006446E-31,2,0,prabhāte,pra-bhāta,,f. sg. voc.,8,7,shr_new_nbest/new_2/770.csv
102,51,25,1,praBAte,5.073808530367230427664006446E-31,2,0,prabhāte,pra-bhāta,,n. du. voc.,8,7,shr_new_nbest/new_2/770.csv
103,67,25,1,praBAte,5.073808530367230427664006446E-31,3,0,prabhā,prabhā,,f. sg. nom.,6,5,shr_new_nbest/new_2/770.csv
104,68,25,1,praBAte,5.073808530367230427664006446E-31,3,5,te,tad,,n. du. acc.,2,7,shr_new_nbest/new_2/770.csv
105,69,25,1,praBAte,5.073808530367230427664006446E-31,3,5,te,tad,,n. du. nom.,2,7,shr_new_nbest/new_2/770.csv
106,70,25,1,praBAte,5.073808530367230427664006446E-31,3,5,te,tad,,m. pl. nom.,2,7,shr_new_nbest/new_2/770.csv
107,71,25,1,praBAte,5.073808530367230427664006446E-31,3,5,te,tad,,f. du. acc.,2,7,shr_new_nbest/new_2/770.csv
108,72,25,1,praBAte,5.073808530367230427664006446E-31,3,5,te,tad,,f. du. nom.,2,7,shr_new_nbest/new_2/770.csv
109,73,25,1,praBAte,5.073808530367230427664006446E-31,3,5,te,yuṣmad,,m. sg. g.,2,7,shr_new_nbest/new_2/770.csv
110,74,25,1,praBAte,5.073808530367230427664006446E-31,3,5,te,yuṣmad,,m. sg. dat.,2,7,shr_new_nbest/new_2/770.csv
111,21,25,2,punaH,2.825984510145126310465724303E-31,1,0,punaḥ,punar,,adv.,5,5,shr_new_nbest/new_2/770.csv
112,22,25,2,punaH,2.825984510145126310465724303E-31,1,0,punaḥ,punar,,conj.,5,5,shr_new_nbest/new_2/770.csv
113,0,27,1,te,0.9976995786240864761494557063,1,0,te,tad,,n. du. acc.,2,2,shr_new_nbest/new_2/770.csv
114,1,27,1,te,0.9976995786240864761494557063,1,0,te,tad,,n. du. nom.,2,2,shr_new_nbest/new_2/770.csv
115,2,27,1,te,0.9976995786240864761494557063,1,0,te,tad,,m. pl. nom.,2,2,shr_new_nbest/new_2/770.csv
116,3,27,1,te,0.9976995786240864761494557063,1,0,te,tad,,f. du. acc.,2,2,shr_new_nbest/new_2/770.csv
117,4,27,1,te,0.9976995786240864761494557063,1,0,te,tad,,f. du. nom.,2,2,shr_new_nbest/new_2/770.csv
118,5,27,1,te,0.9976995786240864761494557063,1,0,te,yuṣmad,,m. sg. g.,2,2,shr_new_nbest/new_2/770.csv
119,6,27,1,te,0.9976995786240864761494557063,1,0,te,yuṣmad,,m. sg. dat.,2,2,shr_new_nbest/new_2/770.csv
120,23,27,2,praBAte,0.0001862565790673340542115831683,1,0,prabhāte,pra-bhāta,,f. du. acc.,8,7,shr_new_nbest/new_2/770.csv
121,24,27,2,praBAte,0.0001862565790673340542115831683,1,0,prabhāte,pra-bhāta,,f. du. nom.,8,7,shr_new_nbest/new_2/770.csv
122,25,27,2,praBAte,0.0001862565790673340542115831683,1,0,prabhāte,pra-bhāta,,n. du. acc.,8,7,shr_new_nbest/new_2/770.csv
123,26,27,2,praBAte,0.0001862565790673340542115831683,1,0,prabhāte,pra-bhāta,,n. du. nom.,8,7,shr_new_nbest/new_2/770.csv
124,27,27,2,praBAte,0.0001862565790673340542115831683,1,0,prabhāte,pra-bhāta,,n. sg. loc.,8,7,shr_new_nbest/new_2/770.csv
125,28,27,2,praBAte,0.0001862565790673340542115831683,1,0,prabhāte,pra-bhāta,,m. sg. loc.,8,7,shr_new_nbest/new_2/770.csv
126,49,27,2,praBAte,0.0001862565790673340542115831683,2,0,prabhāte,pra-bhāta,,f. du. voc.,8,7,shr_new_nbest/new_2/770.csv
127,50,27,2,praBAte,0.0001862565790673340542115831683,2,0,prabhāte,pra-bhāta,,f. sg. voc.,8,7,shr_new_nbest/new_2/770.csv
128,51,27,2,praBAte,0.0001862565790673340542115831683,2,0,prabhāte,pra-bhāta,,n. du. voc.,8,7,shr_new_nbest/new_2/770.csv
129,67,27,2,praBAte,0.0001862565790673340542115831683,3,0,prabhā,prabhā,,f. sg. nom.,6,5,shr_new_nbest/new_2/770.csv
130,68,27,2,praBAte,0.0001862565790673340542115831683,3,5,te,tad,,n. du. acc.,2,7,shr_new_nbest/new_2/770.csv
131,69,27,2,praBAte,0.0001862565790673340542115831683,3,5,te,tad,,n. du. nom.,2,7,shr_new_nbest/new_2/770.csv
132,70,27,2,praBAte,0.0001862565790673340542115831683,3,5,te,tad,,m. pl. nom.,2,7,shr_new_nbest/new_2/770.csv
133,71,27,2,praBAte,0.0001862565790673340542115831683,3,5,te,tad,,f. du. acc.,2,7,shr_new_nbest/new_2/770.csv
134,72,27,2,praBAte,0.0001862565790673340542115831683,3,5,te,tad,,f. du. nom.,2,7,shr_new_nbest/new_2/770.csv
135,73,27,2,praBAte,0.0001862565790673340542115831683,3,5,te,yuṣmad,,m. sg. g.,2,7,shr_new_nbest/new_2/770.csv
136,74,27,2,praBAte,0.0001862565790673340542115831683,3,5,te,yuṣmad,,m. sg. dat.,2,7,shr_new_nbest/new_2/770.csv
137,29,29,0,eva,1,1,0,eva,eva,,prep.,3,3,shr_new_nbest/new_2/770.csv
138,30,31,0,miTilAnagarAya,0.9941823405415265473181008129,1,0,mithilān,mithila,,m. pl. acc.,8,7,shr_new_nbest/new_2/770.csv
139,31,31,0,miTilAnagarAya,0.9941823405415265473181008129,1,7,aga,aga,,iic.,3,10,shr_new_nbest/new_2/770.csv
140,32,31,0,miTilAnagarAya,0.9941823405415265473181008129,1,10,rāya,rāya,,m. sg. voc.,4,14,shr_new_nbest/new_2/770.csv
141,52,31,0,miTilAnagarAya,0.9941823405415265473181008129,2,0,mithila,mithila,,iic.,7,6,shr_new_nbest/new_2/770.csv
142,53,31,0,miTilAnagarAya,0.9941823405415265473181008129,2,6,nagarāya,nagara,,m. sg. dat.,8,14,shr_new_nbest/new_2/770.csv
143,54,31,0,miTilAnagarAya,0.9941823405415265473181008129,2,6,nagarāya,nagara,,n. sg. dat.,8,14,shr_new_nbest/new_2/770.csv
144,75,31,0,miTilAnagarAya,0.9941823405415265473181008129,3,0,mithilā,mithila,,f. sg. nom.,7,6,shr_new_nbest/new_2/770.csv
145,76,31,0,miTilAnagarAya,0.9941823405415265473181008129,3,6,nagara,nagara,,iic.,6,12,shr_new_nbest/new_2/770.csv
146,77,31,0,miTilAnagarAya,0.9941823405415265473181008129,3,12,ya,ya,,n. sg. voc.,2,14,shr_new_nbest/new_2/770.csv
147,81,31,0,miTilAnagarAya,0.9941823405415265473181008129,4,0,mithi,mithi,,iic.,5,4,shr_new_nbest/new_2/770.csv
148,82,31,0,miTilAnagarAya,0.9941823405415265473181008129,4,4,lān,lāt,,m. sg. nom.,3,7,shr_new_nbest/new_2/770.csv
149,83,31,0,miTilAnagarAya,0.9941823405415265473181008129,4,7,a,a,,iic.,1,8,shr_new_nbest/new_2/770.csv
150,84,31,0,miTilAnagarAya,0.9941823405415265473181008129,4,8,garāya,gara,,m. sg. dat.,6,14,shr_new_nbest/new_2/770.csv
151,85,31,0,miTilAnagarAya,0.9941823405415265473181008129,4,8,garāya,gara,,n. sg. dat.,6,14,shr_new_nbest/new_2/770.csv
152,89,31,0,miTilAnagarAya,0.9941823405415265473181008129,5,5,ānak,ā-añj,,impft. [7] ac. sg. 3,4,9,shr_new_nbest/new_2/770.csv
153,90,31,0,miTilAnagarAya,0.9941823405415265473181008129,5,5,ānak,ā-añj,,impft. [7] ac. sg. 2,4,9,shr_new_nbest/new_2/770.csv
154,91,31,0,miTilAnagarAya,0.9941823405415265473181008129,5,9,arāya,ara,,m. sg. dat.,5,14,shr_new_nbest/new_2/770.csv
155,92,31,0,miTilAnagarAya,0.9941823405415265473181008129,5,9,arāya,ara,,n. sg. dat.,5,14,shr_new_nbest/new_2/770.csv
156,96,31,0,miTilAnagarAya,0.9941823405415265473181008129,6,5,ānak,añj,,impft. [7] ac. sg. 3,4,9,shr_new_nbest/new_2/770.csv
157,97,31,0,miTilAnagarAya,0.9941823405415265473181008129,6,5,ānak,añj,,impft. [7] ac. sg. 2,4,9,shr_new_nbest/new_2/770.csv
158,98,31,0,miTilAnagarAya,0.9941823405415265473181008129,6,9,ara,ara,,iic.,3,12,shr_new_nbest/new_2/770.csv
159,101,31,0,miTilAnagarAya,0.9941823405415265473181008129,7,5,āna,āna,,iic.,3,8,shr_new_nbest/new_2/770.csv
160,102,31,0,miTilAnagarAya,0.9941823405415265473181008129,7,8,gara,gara,,iic.,4,12,shr_new_nbest/new_2/770.csv
161,105,31,0,miTilAnagarAya,0.9941823405415265473181008129,8,5,āna,an,,pft. ac. pl. 2,3,8,shr_new_nbest/new_2/770.csv
162,106,31,0,miTilAnagarAya,0.9941823405415265473181008129,8,5,āna,an,,pft. ac. sg. 3,3,8,shr_new_nbest/new_2/770.csv
163,107,31,0,miTilAnagarAya,0.9941823405415265473181008129,8,5,āna,an,,pft. ac. sg. 1,3,8,shr_new_nbest/new_2/770.csv
164,108,31,0,miTilAnagarAya,0.9941823405415265473181008129,8,8,ga,ga,,iic.,2,10,shr_new_nbest/new_2/770.csv
165,109,31,0,miTilAnagarAya,0.9941823405415265473181008129,8,8,ga,ga,,iic.,2,10,shr_new_nbest/new_2/770.csv
166,110,31,0,miTilAnagarAya,0.9941823405415265473181008129,8,10,rā,rā,,iic.,2,12,shr_new_nbest/new_2/770.csv
167,112,31,0,miTilAnagarAya,0.9941823405415265473181008129,9,5,an,an,,iic.,2,7,shr_new_nbest/new_2/770.csv
168,113,31,0,miTilAnagarAya,0.9941823405415265473181008129,9,11,aya,aya,,m. sg. voc.,3,14,shr_new_nbest/new_2/770.csv
169,114,31,0,miTilAnagarAya,0.9941823405415265473181008129,9,11,aya,aya,,n. sg. voc.,3,14,shr_new_nbest/new_2/770.csv
170,116,31,0,miTilAnagarAya,0.9941823405415265473181008129,10,5,a,a,,iic.,1,6,shr_new_nbest/new_2/770.csv
171,117,31,0,miTilAnagarAya,0.9941823405415265473181008129,10,6,naga,naga,,iic.,4,10,shr_new_nbest/new_2/770.csv
172,121,31,0,miTilAnagarAya,0.9941823405415265473181008129,11,6,na,na,,part.,2,8,shr_new_nbest/new_2/770.csv
173,30,31,1,miTilA,0.005673927944527952059016504292,1,0,mithilā,mithila,,f. sg. nom.,7,6,shr_new_nbest/new_2/771.csv
174,30,31,2,miTirAnagarAya,0.0001437315139454965519954381626,1,0,mithiḥ,mithi,,m. sg. nom.,6,5,shr_new_nbest/new_2/775.csv
175,31,31,2,miTirAnagarAya,0.0001437315139454965519954381626,1,5,ānak,ā-añj,,impft. [7] ac. sg. 3,4,9,shr_new_nbest/new_2/775.csv
176,32,31,2,miTirAnagarAya,0.0001437315139454965519954381626,1,5,ānak,ā-añj,,impft. [7] ac. sg. 2,4,9,shr_new_nbest/new_2/775.csv
177,33,31,2,miTirAnagarAya,0.0001437315139454965519954381626,1,9,arāya,ara,,m. sg. dat.,5,14,shr_new_nbest/new_2/775.csv
178,34,31,2,miTirAnagarAya,0.0001437315139454965519954381626,1,9,arāya,ara,,n. sg. dat.,5,14,shr_new_nbest/new_2/775.csv
179,54,31,2,miTirAnagarAya,0.0001437315139454965519954381626,2,0,mithi,mithi,,iic.,5,4,shr_new_nbest/new_2/775.csv
180,55,31,2,miTirAnagarAya,0.0001437315139454965519954381626,2,4,rān,rāt,,m. sg. nom.,3,7,shr_new_nbest/new_2/775.csv
181,56,31,2,miTirAnagarAya,0.0001437315139454965519954381626,2,7,aga,aga,,iic.,3,10,shr_new_nbest/new_2/775.csv
182,57,31,2,miTirAnagarAya,0.0001437315139454965519954381626,2,10,rāya,rāya,,m. sg. voc.,4,14,shr_new_nbest/new_2/775.csv
183,78,31,2,miTirAnagarAya,0.0001437315139454965519954381626,3,4,rā,rā,,m. sg. i.,2,6,shr_new_nbest/new_2/775.csv
184,79,31,2,miTirAnagarAya,0.0001437315139454965519954381626,3,4,rā,rā,,f. sg. nom.,2,6,shr_new_nbest/new_2/775.csv
185,80,31,2,miTirAnagarAya,0.0001437315139454965519954381626,3,6,nagarāya,nagara,,m. sg. dat.,8,14,shr_new_nbest/new_2/775.csv
186,81,31,2,miTirAnagarAya,0.0001437315139454965519954381626,3,6,nagarāya,nagara,,n. sg. dat.,8,14,shr_new_nbest/new_2/775.csv
187,85,31,2,miTirAnagarAya,0.0001437315139454965519954381626,4,4,rā,rā,,iic.,2,6,shr_new_nbest/new_2/775.csv
188,86,31,2,miTirAnagarAya,0.0001437315139454965519954381626,4,6,nagara,nagara,,iic.,6,12,shr_new_nbest/new_2/775.csv
189,87,31,2,miTirAnagarAya,0.0001437315139454965519954381626,4,12,ya,ya,,n. sg. voc.,2,14,shr_new_nbest/new_2/775.csv
190,91,31,2,miTirAnagarAya,0.0001437315139454965519954381626,5,5,ānak,añj,,impft. [7] ac. sg. 3,4,9,shr_new_nbest/new_2/775.csv
191,92,31,2,miTirAnagarAya,0.0001437315139454965519954381626,5,5,ānak,añj,,impft. [7] ac. sg. 2,4,9,shr_new_nbest/new_2/775.csv
192,93,31,2,miTirAnagarAya,0.0001437315139454965519954381626,5,9,ara,ara,,iic.,3,12,shr_new_nbest/new_2/775.csv
193,97,31,2,miTirAnagarAya,0.0001437315139454965519954381626,6,5,āna,āna,,iic.,3,8,shr_new_nbest/new_2/775.csv
194,98,31,2,miTirAnagarAya,0.0001437315139454965519954381626,6,8,garāya,gara,,m. sg. dat.,6,14,shr_new_nbest/new_2/775.csv
195,99,31,2,miTirAnagarAya,0.0001437315139454965519954381626,6,8,garāya,gara,,n. sg. dat.,6,14,shr_new_nbest/new_2/775.csv
196,102,31,2,miTirAnagarAya,0.0001437315139454965519954381626,7,5,āna,an,,pft. ac. pl. 2,3,8,shr_new_nbest/new_2/775.csv
197,103,31,2,miTirAnagarAya,0.0001437315139454965519954381626,7,5,āna,an,,pft. ac. sg. 3,3,8,shr_new_nbest/new_2/775.csv
198,104,31,2,miTirAnagarAya,0.0001437315139454965519954381626,7,5,āna,an,,pft. ac. sg. 1,3,8,shr_new_nbest/new_2/775.csv
199,105,31,2,miTirAnagarAya,0.0001437315139454965519954381626,7,8,gara,gara,,iic.,4,12,shr_new_nbest/new_2/775.csv
200,108,31,2,miTirAnagarAya,0.0001437315139454965519954381626,8,5,an,an,,iic.,2,7,shr_new_nbest/new_2/775.csv
201,109,31,2,miTirAnagarAya,0.0001437315139454965519954381626,8,7,a,a,,iic.,1,8,shr_new_nbest/new_2/775.csv
202,110,31,2,miTirAnagarAya,0.0001437315139454965519954381626,8,8,ga,ga,,iic.,2,10,shr_new_nbest/new_2/775.csv
203,111,31,2,miTirAnagarAya,0.0001437315139454965519954381626,8,8,ga,ga,,iic.,2,10,shr_new_nbest/new_2/775.csv
204,112,31,2,miTirAnagarAya,0.0001437315139454965519954381626,8,10,rā,rā,,iic.,2,12,shr_new_nbest/new_2/775.csv
205,114,31,2,miTirAnagarAya,0.0001437315139454965519954381626,9,5,a,a,,iic.,1,6,shr_new_nbest/new_2/775.csv
206,115,31,2,miTirAnagarAya,0.0001437315139454965519954381626,9,6,naga,naga,,iic.,4,10,shr_new_nbest/new_2/775.csv
207,116,31,2,miTirAnagarAya,0.0001437315139454965519954381626,9,11,aya,aya,,m. sg. voc.,3,14,shr_new_nbest/new_2/775.csv
208,117,31,2,miTirAnagarAya,0.0001437315139454965519954381626,9,11,aya,aya,,n. sg. voc.,3,14,shr_new_nbest/new_2/775.csv
209,119,31,2,miTirAnagarAya,0.0001437315139454965519954381626,10,6,na,na,,part.,2,8,shr_new_nbest/new_2/775.csv
210,29,31,3,miTilAnagarAyaprasTitAH,4.070887244683402046698127087E-18,1,0,mithilān,mithila,,m. pl. acc.,8,7,shr_new_nbest/new_2/773.csv
211,30,31,3,miTilAnagarAyaprasTitAH,4.070887244683402046698127087E-18,1,7,aga,aga,,iic.,3,10,shr_new_nbest/new_2/773.csv
212,31,31,3,miTilAnagarAyaprasTitAH,4.070887244683402046698127087E-18,1,10,rāya,rāya,,iic.,4,14,shr_new_nbest/new_2/773.csv
213,32,31,3,miTilAnagarAyaprasTitAH,4.070887244683402046698127087E-18,1,14,prasthitāḥ,pra-sthita,,f. pl. acc.,10,23,shr_new_nbest/new_2/773.csv
214,33,31,3,miTilAnagarAyaprasTitAH,4.070887244683402046698127087E-18,1,14,prasthitāḥ,pra-sthita,,f. pl. nom.,10,23,shr_new_nbest/new_2/773.csv
215,34,31,3,miTilAnagarAyaprasTitAH,4.070887244683402046698127087E-18,1,14,prasthitāḥ,pra-sthita,,m. pl. nom.,10,23,shr_new_nbest/new_2/773.csv
216,51,31,3,miTilAnagarAyaprasTitAH,4.070887244683402046698127087E-18,2,0,mithila,mithila,,iic.,7,6,shr_new_nbest/new_2/773.csv
217,52,31,3,miTilAnagarAyaprasTitAH,4.070887244683402046698127087E-18,2,6,nagarāya,nagara,,m. sg. dat.,8,14,shr_new_nbest/new_2/773.csv
218,53,31,3,miTilAnagarAyaprasTitAH,4.070887244683402046698127087E-18,2,6,nagarāya,nagara,,n. sg. dat.,8,14,shr_new_nbest/new_2/773.csv
219,54,31,3,miTilAnagarAyaprasTitAH,4.070887244683402046698127087E-18,2,14,prasthitāḥ,pra-sthita,,f. pl. voc.,10,23,shr_new_nbest/new_2/773.csv
220,55,31,3,miTilAnagarAyaprasTitAH,4.070887244683402046698127087E-18,2,14,prasthitāḥ,pra-sthita,,m. pl. voc.,10,23,shr_new_nbest/new_2/773.csv
221,74,31,3,miTilAnagarAyaprasTitAH,4.070887244683402046698127087E-18,3,0,mithilā,mithila,,f. sg. nom.,7,6,shr_new_nbest/new_2/773.csv
222,75,31,3,miTilAnagarAyaprasTitAH,4.070887244683402046698127087E-18,3,6,nagarāḥ,nagara,,m. pl. nom.,7,13,shr_new_nbest/new_2/773.csv
223,76,31,3,miTilAnagarAyaprasTitAH,4.070887244683402046698127087E-18,3,13,a,a,,iic.,1,14,shr_new_nbest/new_2/773.csv
224,80,31,3,miTilAnagarAyaprasTitAH,4.070887244683402046698127087E-18,4,0,mithi,mithi,,iic.,5,4,shr_new_nbest/new_2/773.csv
225,81,31,3,miTilAnagarAyaprasTitAH,4.070887244683402046698127087E-18,4,4,lān,lāt,,m. sg. nom.,3,7,shr_new_nbest/new_2/773.csv
226,82,31,3,miTilAnagarAyaprasTitAH,4.070887244683402046698127087E-18,4,7,a,a,,iic.,1,8,shr_new_nbest/new_2/773.csv
227,83,31,3,miTilAnagarAyaprasTitAH,4.070887244683402046698127087E-18,4,8,garāya,gara,,m. sg. dat.,6,14,shr_new_nbest/new_2/773.csv
228,84,31,3,miTilAnagarAyaprasTitAH,4.070887244683402046698127087E-18,4,8,garāya,gara,,n. sg. dat.,6,14,shr_new_nbest/new_2/773.csv
229,88,31,3,miTilAnagarAyaprasTitAH,4.070887244683402046698127087E-18,5,5,ānak,ā-añj,,impft. [7] ac. sg. 3,4,9,shr_new_nbest/new_2/773.csv
230,89,31,3,miTilAnagarAyaprasTitAH,4.070887244683402046698127087E-18,5,5,ānak,ā-añj,,impft. [7] ac. sg. 2,4,9,shr_new_nbest/new_2/773.csv
231,90,31,3,miTilAnagarAyaprasTitAH,4.070887244683402046698127087E-18,5,9,arāya,ara,,m. sg. dat.,5,14,shr_new_nbest/new_2/773.csv
232,91,31,3,miTilAnagarAyaprasTitAH,4.070887244683402046698127087E-18,5,9,arāya,ara,,n. sg. dat.,5,14,shr_new_nbest/new_2/773.csv
233,95,31,3,miTilAnagarAyaprasTitAH,4.070887244683402046698127087E-18,6,5,ānak,añj,,impft. [7] ac. sg. 3,4,9,shr_new_nbest/new_2/773.csv
234,96,31,3,miTilAnagarAyaprasTitAH,4.070887244683402046698127087E-18,6,5,ānak,añj,,impft. [7] ac. sg. 2,4,9,shr_new_nbest/new_2/773.csv
235,97,31,3,miTilAnagarAyaprasTitAH,4.070887244683402046698127087E-18,6,9,arāḥ,ara,,m. pl. nom.,4,13,shr_new_nbest/new_2/773.csv
236,98,31,3,miTilAnagarAyaprasTitAH,4.070887244683402046698127087E-18,6,9,arāḥ,ara,,f. pl. acc.,4,13,shr_new_nbest/new_2/773.csv
237,99,31,3,miTilAnagarAyaprasTitAH,4.070887244683402046698127087E-18,6,9,arāḥ,ara,,f. pl. nom.,4,13,shr_new_nbest/new_2/773.csv
238,102,31,3,miTilAnagarAyaprasTitAH,4.070887244683402046698127087E-18,7,5,āna,āna,,iic.,3,8,shr_new_nbest/new_2/773.csv
239,103,31,3,miTilAnagarAyaprasTitAH,4.070887244683402046698127087E-18,7,8,garāḥ,gara,,m. pl. nom.,5,13,shr_new_nbest/new_2/773.csv
240,106,31,3,miTilAnagarAyaprasTitAH,4.070887244683402046698127087E-18,8,5,āna,an,,pft. ac. pl. 2,3,8,shr_new_nbest/new_2/773.csv
241,107,31,3,miTilAnagarAyaprasTitAH,4.070887244683402046698127087E-18,8,5,āna,an,,pft. ac. sg. 3,3,8,shr_new_nbest/new_2/773.csv
242,108,31,3,miTilAnagarAyaprasTitAH,4.070887244683402046698127087E-18,8,5,āna,an,,pft. ac. sg. 1,3,8,shr_new_nbest/new_2/773.csv
243,109,31,3,miTilAnagarAyaprasTitAH,4.070887244683402046698127087E-18,8,8,garāḥ,gara,,f. pl. acc.,5,13,shr_new_nbest/new_2/773.csv
244,110,31,3,miTilAnagarAyaprasTitAH,4.070887244683402046698127087E-18,8,8,garāḥ,gara,,f. pl. nom.,5,13,shr_new_nbest/new_2/773.csv
245,112,31,3,miTilAnagarAyaprasTitAH,4.070887244683402046698127087E-18,9,5,an,an,,iic.,2,7,shr_new_nbest/new_2/773.csv
246,113,31,3,miTilAnagarAyaprasTitAH,4.070887244683402046698127087E-18,9,8,ga,ga,,iic.,2,10,shr_new_nbest/new_2/773.csv
247,114,31,3,miTilAnagarAyaprasTitAH,4.070887244683402046698127087E-18,9,8,ga,ga,,iic.,2,10,shr_new_nbest/new_2/773.csv
248,115,31,3,miTilAnagarAyaprasTitAH,4.070887244683402046698127087E-18,9,10,rāḥ,rai,,m. sg. nom.,3,13,shr_new_nbest/new_2/773.csv
249,116,31,3,miTilAnagarAyaprasTitAH,4.070887244683402046698127087E-18,9,10,rāḥ,rai,,f. sg. nom.,3,13,shr_new_nbest/new_2/773.csv
250,118,31,3,miTilAnagarAyaprasTitAH,4.070887244683402046698127087E-18,10,5,a,a,,iic.,1,6,shr_new_nbest/new_2/773.csv
251,119,31,3,miTilAnagarAyaprasTitAH,4.070887244683402046698127087E-18,10,6,naga,naga,,iic.,4,10,shr_new_nbest/new_2/773.csv
252,120,31,3,miTilAnagarAyaprasTitAH,4.070887244683402046698127087E-18,10,10,rāḥ,rā,,m. pl. acc.,3,13,shr_new_nbest/new_2/773.csv
253,121,31,3,miTilAnagarAyaprasTitAH,4.070887244683402046698127087E-18,10,10,rāḥ,rā,,m. pl. nom.,3,13,shr_new_nbest/new_2/773.csv
254,122,31,3,miTilAnagarAyaprasTitAH,4.070887244683402046698127087E-18,10,10,rāḥ,rā,,m. sg. nom.,3,13,shr_new_nbest/new_2/773.csv
255,123,31,3,miTilAnagarAyaprasTitAH,4.070887244683402046698127087E-18,10,10,rāḥ,rā,,f. pl. acc.,3,13,shr_new_nbest/new_2/773.csv
256,124,31,3,miTilAnagarAyaprasTitAH,4.070887244683402046698127087E-18,10,10,rāḥ,rā,,f. pl. nom.,3,13,shr_new_nbest/new_2/773.csv
257,128,31,3,miTilAnagarAyaprasTitAH,4.070887244683402046698127087E-18,11,6,na,na,,ind.,2,8,shr_new_nbest/new_2/773.csv
258,129,31,3,miTilAnagarAyaprasTitAH,4.070887244683402046698127087E-18,11,9,arāḥ,rā,,impft. [2] ac. sg. 2,4,13,shr_new_nbest/new_2/773.csv
259,132,31,3,miTilAnagarAyaprasTitAH,4.070887244683402046698127087E-18,12,9,a,a,,iic.,1,10,shr_new_nbest/new_2/773.csv
260,133,31,3,miTilAnagarAyaprasTitAH,4.070887244683402046698127087E-18,12,10,rā,rā,,iic.,2,12,shr_new_nbest/new_2/773.csv
261,134,31,3,miTilAnagarAyaprasTitAH,4.070887244683402046698127087E-18,12,12,ya,ya,,iic.,2,14,shr_new_nbest/new_2/773.csv
262,31,33,1,nagarAya,0.9978858350951374168107086397,1,0,nagarāya,nagara,,m. sg. dat.,8,8,shr_new_nbest/new_2/771.csv
263,32,33,1,nagarAya,0.9978858350951374168107086397,1,0,nagarāya,nagara,,n. sg. dat.,8,8,shr_new_nbest/new_2/771.csv
264,52,33,1,nagarAya,0.9978858350951374168107086397,2,0,nagara,nagara,,iic.,6,6,shr_new_nbest/new_2/771.csv
265,53,33,1,nagarAya,0.9978858350951374168107086397,2,6,ya,ya,,n. sg. voc.,2,8,shr_new_nbest/new_2/771.csv
266,74,33,1,nagarAya,0.9978858350951374168107086397,3,0,naga,naga,,iic.,4,4,shr_new_nbest/new_2/771.csv
267,75,33,1,nagarAya,0.9978858350951374168107086397,3,4,rāya,rāya,,m. sg. voc.,4,8,shr_new_nbest/new_2/771.csv
268,79,33,1,nagarAya,0.9978858350951374168107086397,4,0,na,na,,part.,2,2,shr_new_nbest/new_2/771.csv
269,80,33,1,nagarAya,0.9978858350951374168107086397,4,2,garāya,gara,,m. sg. dat.,6,8,shr_new_nbest/new_2/771.csv
270,81,33,1,nagarAya,0.9978858350951374168107086397,4,2,garāya,gara,,n. sg. dat.,6,8,shr_new_nbest/new_2/771.csv
271,85,33,1,nagarAya,0.9978858350951374168107086397,5,2,gara,gara,,iic.,4,6,shr_new_nbest/new_2/771.csv
272,89,33,1,nagarAya,0.9978858350951374168107086397,6,4,rā,rā,,iic.,2,6,shr_new_nbest/new_2/771.csv
273,92,33,1,nagarAya,0.9978858350951374168107086397,7,5,aya,aya,,m. sg. voc.,3,8,shr_new_nbest/new_2/771.csv
274,93,33,1,nagarAya,0.9978858350951374168107086397,7,5,aya,aya,,n. sg. voc.,3,8,shr_new_nbest/new_2/771.csv
275,30,33,2,nagarAyaprasTitAH,4.086051976668921758868790000E-18,1,0,nagarāya,nagara,,m. sg. dat.,8,8,shr_new_nbest/new_2/778.csv
276,31,33,2,nagarAyaprasTitAH,4.086051976668921758868790000E-18,1,0,nagarāya,nagara,,n. sg. dat.,8,8,shr_new_nbest/new_2/778.csv
277,32,33,2,nagarAyaprasTitAH,4.086051976668921758868790000E-18,1,8,prasthitāḥ,pra-sthita,,f. pl. acc.,10,17,shr_new_nbest/new_2/778.csv
278,33,33,2,nagarAyaprasTitAH,4.086051976668921758868790000E-18,1,8,prasthitāḥ,pra-sthita,,f. pl. nom.,10,17,shr_new_nbest/new_2/778.csv
279,34,33,2,nagarAyaprasTitAH,4.086051976668921758868790000E-18,1,8,prasthitāḥ,pra-sthita,,m. pl. nom.,10,17,shr_new_nbest/new_2/778.csv
280,51,33,2,nagarAyaprasTitAH,4.086051976668921758868790000E-18,2,0,nagarāḥ,nagara,,m. pl. nom.,7,7,shr_new_nbest/new_2/778.csv
281,52,33,2,nagarAyaprasTitAH,4.086051976668921758868790000E-18,2,7,a,a,,iic.,1,8,shr_new_nbest/new_2/778.csv
282,53,33,2,nagarAyaprasTitAH,4.086051976668921758868790000E-18,2,8,prasthitāḥ,pra-sthita,,f. pl. voc.,10,17,shr_new_nbest/new_2/778.csv
283,54,33,2,nagarAyaprasTitAH,4.086051976668921758868790000E-18,2,8,prasthitāḥ,pra-sthita,,m. pl. voc.,10,17,shr_new_nbest/new_2/778.csv
284,73,33,2,nagarAyaprasTitAH,4.086051976668921758868790000E-18,3,0,naga,naga,,iic.,4,4,shr_new_nbest/new_2/778.csv
285,74,33,2,nagarAyaprasTitAH,4.086051976668921758868790000E-18,3,4,rāya,rāya,,iic.,4,8,shr_new_nbest/new_2/778.csv
286,78,33,2,nagarAyaprasTitAH,4.086051976668921758868790000E-18,4,0,na,na,,ind.,2,2,shr_new_nbest/new_2/778.csv
287,79,33,2,nagarAyaprasTitAH,4.086051976668921758868790000E-18,4,2,garāya,gara,,m. sg. dat.,6,8,shr_new_nbest/new_2/778.csv
288,80,33,2,nagarAyaprasTitAH,4.086051976668921758868790000E-18,4,2,garāya,gara,,n. sg. dat.,6,8,shr_new_nbest/new_2/778.csv
289,84,33,2,nagarAyaprasTitAH,4.086051976668921758868790000E-18,5,2,garāḥ,gara,,m. pl. nom.,5,7,shr_new_nbest/new_2/778.csv
290,88,33,2,nagarAyaprasTitAH,4.086051976668921758868790000E-18,6,4,rāḥ,rai,,m. sg. nom.,3,7,shr_new_nbest/new_2/778.csv
291,89,33,2,nagarAyaprasTitAH,4.086051976668921758868790000E-18,6,4,rāḥ,rai,,f. sg. nom.,3,7,shr_new_nbest/new_2/778.csv
292,92,33,2,nagarAyaprasTitAH,4.086051976668921758868790000E-18,7,4,rāḥ,rā,,m. pl. acc.,3,7,shr_new_nbest/new_2/778.csv
293,93,33,2,nagarAyaprasTitAH,4.086051976668921758868790000E-18,7,4,rāḥ,rā,,m. pl. nom.,3,7,shr_new_nbest/new_2/778.csv
294,94,33,2,nagarAyaprasTitAH,4.086051976668921758868790000E-18,7,4,rāḥ,rā,,m. sg. nom.,3,7,shr_new_nbest/new_2/778.csv
295,95,33,2,nagarAyaprasTitAH,4.086051976668921758868790000E-18,7,4,rāḥ,rā,,f. pl. acc.,3,7,shr_new_nbest/new_2/778.csv
296,96,33,2,nagarAyaprasTitAH,4.086051976668921758868790000E-18,7,4,rāḥ,rā,,f. pl. nom.,3,7,shr_new_nbest/new_2/778.csv
297,99,33,2,nagarAyaprasTitAH,4.086051976668921758868790000E-18,8,4,rā,rā,,iic.,2,6,shr_new_nbest/new_2/778.csv
298,100,33,2,nagarAyaprasTitAH,4.086051976668921758868790000E-18,8,6,ya,ya,,iic.,2,8,shr_new_nbest/new_2/778.csv
299,30,34,1,nagarAyaprasTitAH,3.049147350159999999013191702E-19,1,0,nagarāya,nagara,,m. sg. dat.,8,8,shr_new_nbest/new_2/778.csv
300,31,34,1,nagarAyaprasTitAH,3.049147350159999999013191702E-19,1,0,nagarāya,nagara,,n. sg. dat.,8,8,shr_new_nbest/new_2/778.csv
301,32,34,1,nagarAyaprasTitAH,3.049147350159999999013191702E-19,1,8,prasthitāḥ,pra-sthita,,f. pl. acc.,10,17,shr_new_nbest/new_2/778.csv
302,33,34,1,nagarAyaprasTitAH,3.049147350159999999013191702E-19,1,8,prasthitāḥ,pra-sthita,,f. pl. nom.,10,17,shr_new_nbest/new_2/778.csv
303,34,34,1,nagarAyaprasTitAH,3.049147350159999999013191702E-19,1,8,prasthitāḥ,pra-sthita,,m. pl. nom.,10,17,shr_new_nbest/new_2/778.csv
304,51,34,1,nagarAyaprasTitAH,3.049147350159999999013191702E-19,2,0,nagarāḥ,nagara,,m. pl. nom.,7,7,shr_new_nbest/new_2/778.csv
305,52,34,1,nagarAyaprasTitAH,3.049147350159999999013191702E-19,2,7,a,a,,iic.,1,8,shr_new_nbest/new_2/778.csv
306,53,34,1,nagarAyaprasTitAH,3.049147350159999999013191702E-19,2,8,prasthitāḥ,pra-sthita,,f. pl. voc.,10,17,shr_new_nbest/new_2/778.csv
307,54,34,1,nagarAyaprasTitAH,3.049147350159999999013191702E-19,2,8,prasthitāḥ,pra-sthita,,m. pl. voc.,10,17,shr_new_nbest/new_2/778.csv
308,73,34,1,nagarAyaprasTitAH,3.049147350159999999013191702E-19,3,0,naga,naga,,iic.,4,4,shr_new_nbest/new_2/778.csv
309,74,34,1,nagarAyaprasTitAH,3.049147350159999999013191702E-19,3,4,rāya,rāya,,iic.,4,8,shr_new_nbest/new_2/778.csv
310,78,34,1,nagarAyaprasTitAH,3.049147350159999999013191702E-19,4,0,na,na,,ind.,2,2,shr_new_nbest/new_2/778.csv
311,79,34,1,nagarAyaprasTitAH,3.049147350159999999013191702E-19,4,2,garāya,gara,,m. sg. dat.,6,8,shr_new_nbest/new_2/778.csv
312,80,34,1,nagarAyaprasTitAH,3.049147350159999999013191702E-19,4,2,garāya,gara,,n. sg. dat.,6,8,shr_new_nbest/new_2/778.csv
313,84,34,1,nagarAyaprasTitAH,3.049147350159999999013191702E-19,5,2,garāḥ,gara,,m. pl. nom.,5,7,shr_new_nbest/new_2/778.csv
314,88,34,1,nagarAyaprasTitAH,3.049147350159999999013191702E-19,6,4,rāḥ,rai,,m. sg. nom.,3,7,shr_new_nbest/new_2/778.csv
315,89,34,1,nagarAyaprasTitAH,3.049147350159999999013191702E-19,6,4,rāḥ,rai,,f. sg. nom.,3,7,shr_new_nbest/new_2/778.csv
316,92,34,1,nagarAyaprasTitAH,3.049147350159999999013191702E-19,7,4,rāḥ,rā,,m. pl. acc.,3,7,shr_new_nbest/new_2/778.csv
317,93,34,1,nagarAyaprasTitAH,3.049147350159999999013191702E-19,7,4,rāḥ,rā,,m. pl. nom.,3,7,shr_new_nbest/new_2/778.csv
318,94,34,1,nagarAyaprasTitAH,3.049147350159999999013191702E-19,7,4,rāḥ,rā,,m. sg. nom.,3,7,shr_new_nbest/new_2/778.csv
319,95,34,1,nagarAyaprasTitAH,3.049147350159999999013191702E-19,7,4,rāḥ,rā,,f. pl. acc.,3,7,shr_new_nbest/new_2/778.csv
320,96,34,1,nagarAyaprasTitAH,3.049147350159999999013191702E-19,7,4,rāḥ,rā,,f. pl. nom.,3,7,shr_new_nbest/new_2/778.csv
321,99,34,1,nagarAyaprasTitAH,3.049147350159999999013191702E-19,8,4,rā,rā,,iic.,2,6,shr_new_nbest/new_2/778.csv
322,100,34,1,nagarAyaprasTitAH,3.049147350159999999013191702E-19,8,6,ya,ya,,iic.,2,8,shr_new_nbest/new_2/778.csv
323,31,34,2,nagarAya,1.871949669487999999394173006E-20,1,0,nagarāya,nagara,,m. sg. dat.,8,8,shr_new_nbest/new_2/771.csv
324,32,34,2,nagarAya,1.871949669487999999394173006E-20,1,0,nagarāya,nagara,,n. sg. dat.,8,8,shr_new_nbest/new_2/771.csv
325,52,34,2,nagarAya,1.871949669487999999394173006E-20,2,0,nagara,nagara,,iic.,6,6,shr_new_nbest/new_2/771.csv
326,53,34,2,nagarAya,1.871949669487999999394173006E-20,2,6,ya,ya,,n. sg. voc.,2,8,shr_new_nbest/new_2/771.csv
327,74,34,2,nagarAya,1.871949669487999999394173006E-20,3,0,naga,naga,,iic.,4,4,shr_new_nbest/new_2/771.csv
328,75,34,2,nagarAya,1.871949669487999999394173006E-20,3,4,rāya,rāya,,m. sg. voc.,4,8,shr_new_nbest/new_2/771.csv
329,79,34,2,nagarAya,1.871949669487999999394173006E-20,4,0,na,na,,part.,2,2,shr_new_nbest/new_2/771.csv
330,80,34,2,nagarAya,1.871949669487999999394173006E-20,4,2,garāya,gara,,m. sg. dat.,6,8,shr_new_nbest/new_2/771.csv
331,81,34,2,nagarAya,1.871949669487999999394173006E-20,4,2,garāya,gara,,n. sg. dat.,6,8,shr_new_nbest/new_2/771.csv
332,85,34,2,nagarAya,1.871949669487999999394173006E-20,5,2,gara,gara,,iic.,4,6,shr_new_nbest/new_2/771.csv
333,89,34,2,nagarAya,1.871949669487999999394173006E-20,6,4,rā,rā,,iic.,2,6,shr_new_nbest/new_2/771.csv
334,92,34,2,nagarAya,1.871949669487999999394173006E-20,7,5,aya,aya,,m. sg. voc.,3,8,shr_new_nbest/new_2/771.csv
335,93,34,2,nagarAya,1.871949669487999999394173006E-20,7,5,aya,aya,,n. sg. voc.,3,8,shr_new_nbest/new_2/771.csv
336,33,37,1,prasTitAH,0.9978858350951374208875916846,1,0,prasthitāḥ,pra-sthita,,f. pl. acc.,10,9,shr_new_nbest/new_2/770.csv
337,34,37,1,prasTitAH,0.9978858350951374208875916846,1,0,prasthitāḥ,pra-sthita,,f. pl. nom.,10,9,shr_new_nbest/new_2/770.csv
338,35,37,1,prasTitAH,0.9978858350951374208875916846,1,0,prasthitāḥ,pra-sthita,,m. pl. nom.,10,9,shr_new_nbest/new_2/770.csv
339,55,37,1,prasTitAH,0.9978858350951374208875916846,2,0,prasthitāḥ,pra-sthita,,f. pl. voc.,10,9,shr_new_nbest/new_2/770.csv
340,56,37,1,prasTitAH,0.9978858350951374208875916846,2,0,prasthitāḥ,pra-sthita,,m. pl. voc.,10,9,shr_new_nbest/new_2/770.csv
341,,0,0,<eps>,1,1,0,<eps>,,,,1,1,
342,,2,0,<eps>,1,1,0,<eps>,,,,1,1,
343,,4,0,<eps>,1,1,0,<eps>,,,,1,1,
344,,6,0,<eps>,1,1,0,<eps>,,,,1,1,
345,,8,0,<eps>,1,1,0,<eps>,,,,1,1,
346,,9,0,<eps>,1,1,0,<eps>,,,,1,1,
347,,10,0,<eps>,1,1,0,<eps>,,,,1,1,
348,,11,0,<eps>,0.002114164904862579112408315417,1,0,<eps>,,,,9,9,
349,,12,0,<eps>,1,1,0,<eps>,,,,1,1,
350,,13,0,<eps>,1,1,0,<eps>,,,,1,1,
351,,14,0,<eps>,1,1,0,<eps>,,,,1,1,
352,,16,0,<eps>,1,1,0,<eps>,,,,1,1,
353,,18,0,<eps>,1,1,0,<eps>,,,,1,1,
354,,19,0,<eps>,0.002114164904862579112408315417,1,0,<eps>,,,,8,8,
355,,20,0,<eps>,1,1,0,<eps>,,,,1,1,
356,,21,0,<eps>,0.002114164904862579112408315417,1,0,<eps>,,,,5,5,
357,,22,0,<eps>,1,1,0,<eps>,,,,1,1,
358,,23,1,<eps>,0.0001867208551596369208730328283,1,0,<eps>,,,,7,7,
359,,24,0,<eps>,1,1,0,<eps>,,,,1,1,
360,,25,0,<eps>,1,1,0,<eps>,,,,7,7,
361,,26,0,<eps>,1,1,0,<eps>,,,,1,1,
362,,27,0,<eps>,0.002114164796846189796332710549,1,0,<eps>,,,,7,7,
363,,28,0,<eps>,1,1,0,<eps>,,,,1,1,
364,,30,0,<eps>,1,1,0,<eps>,,,,1,1,
365,,31,4,<eps>,2.967064162678093681299640535E-35,1,0,<eps>,,,,23,23,
366,,32,0,<eps>,1,1,0,<eps>,,,,1,1,
367,,33,0,<eps>,0.002114164904862579103239384069,1,0,<eps>,,,,17,17,
368,,34,0,<eps>,0.9999999999999999996763657680,1,0,<eps>,,,,17,17,
369,,35,0,<eps>,1,1,0,<eps>,,,,1,1,
370,,36,0,<eps>,1,1,0,<eps>,,,,1,1,
371,,37,0,<eps>,0.002114164904862579112408315417,1,0,<eps>,,,,9,9,
372,,38,0,<eps>,1,1,0,<eps>,,,,1,1,
373,,39,0,<eps>,1,1,0,<eps>,,,,1,1,
374,,40,0,<eps>,1,1,0,<eps>,,,,1,1,
